price,area,bedrooms,bathrooms,stories,mainroad,guestroom,basement,hotwaterheating,airconditioning,parking,prefarea,furnishingstatus
1330000.0,206.11111111111111,4,2,3,yes,no,no,no,yes,2,yes,furnished
1225000.0,248.88888888888886,4,4,4,yes,no,no,no,yes,3,no,furnished
1225000.0,276.6666666666667,3,2,2,yes,no,yes,no,no,2,yes,semi-furnished
1221500.0,208.33333333333331,4,2,2,yes,no,yes,no,yes,3,yes,furnished
1141000.0,206.11111111111111,4,1,2,yes,yes,yes,no,yes,2,no,furnished
1085000.0,208.33333333333331,3,3,1,yes,no,yes,no,yes,2,yes,semi-furnished
1015000.0,238.3333333333333,4,3,4,yes,no,no,no,yes,2,yes,semi-furnished
1015000.0,450.0,5,3,2,yes,no,no,no,no,0,no,unfurnished
987000.0,225.0,4,1,2,yes,yes,yes,no,yes,2,yes,furnished
980000.0,159.72222222222223,3,2,4,yes,yes,no,no,yes,1,yes,unfurnished
980000.0,366.66666666666663,3,1,2,yes,no,yes,no,yes,2,yes,furnished
968100.0,166.66666666666669,4,3,2,yes,yes,yes,yes,no,2,no,semi-furnished
931000.0,181.94444444444446,4,2,2,yes,no,no,no,yes,1,yes,semi-furnished
924000.0,97.22222222222223,4,2,2,yes,no,no,yes,no,2,no,furnished
924000.0,216.66666666666669,3,2,2,yes,no,no,no,no,0,yes,semi-furnished
910000.0,166.66666666666669,4,1,2,yes,no,yes,no,no,2,no,semi-furnished
910000.0,183.33333333333331,4,2,2,yes,yes,yes,no,yes,1,yes,unfurnished
896000.0,236.11111111111111,3,2,4,yes,no,no,no,yes,2,no,furnished
889000.0,127.77777777777779,3,2,2,yes,yes,no,no,yes,2,no,furnished
885500.0,178.33333333333331,3,2,2,yes,no,no,no,yes,1,yes,semi-furnished
875000.0,120.0,3,1,2,yes,no,yes,yes,no,2,no,semi-furnished
868000.0,198.75,3,2,1,yes,yes,yes,no,yes,2,no,unfurnished
864500.0,223.61111111111111,3,1,1,yes,yes,yes,no,yes,1,no,furnished
864500.0,126.66666666666664,3,2,2,yes,yes,yes,no,yes,1,no,furnished
857500.0,244.44444444444443,3,2,2,yes,no,no,no,yes,2,no,furnished
854000.0,181.66666666666669,4,2,2,yes,yes,yes,no,yes,2,yes,furnished
846300.0,166.66666666666669,3,2,4,yes,yes,yes,no,yes,0,yes,semi-furnished
840000.0,246.52777777777771,3,1,1,yes,no,no,no,no,1,no,semi-furnished
840000.0,220.8333333333333,5,2,2,yes,no,yes,yes,no,2,no,unfurnished
840000.0,152.77777777777777,4,2,2,yes,no,yes,no,yes,1,yes,semi-furnished
840000.0,207.63888888888889,3,2,4,yes,no,no,no,yes,2,no,unfurnished
840000.0,194.44444444444446,3,1,4,yes,no,no,no,yes,2,no,semi-furnished
829500.0,135.55555555555554,4,2,2,yes,no,no,no,yes,1,yes,furnished
819000.0,165.55555555555554,3,3,2,yes,yes,yes,no,no,1,no,unfurnished
812000.0,190.0,5,1,2,yes,yes,yes,no,yes,1,no,furnished
808094.0,194.44444444444446,3,2,4,yes,no,no,no,yes,2,no,furnished
804300.0,207.83333333333334,3,2,3,yes,no,no,yes,no,1,yes,furnished
798000.0,250.0,4,2,4,yes,no,no,no,yes,2,no,furnished
796250.0,166.66666666666669,3,1,4,yes,yes,no,no,yes,2,no,unfurnished
791000.0,166.66666666666669,4,2,4,yes,no,no,no,yes,1,no,semi-furnished
787500.0,181.94444444444446,3,1,2,yes,no,yes,no,yes,0,yes,furnished
784000.0,176.66666666666669,3,2,4,yes,no,no,no,yes,0,yes,furnished
770000.0,180.0,3,2,4,yes,no,no,no,yes,2,no,unfurnished
770000.0,166.66666666666669,4,2,4,yes,no,no,no,no,2,no,semi-furnished
756000.0,166.66666666666669,4,2,4,yes,no,no,no,yes,1,no,furnished
756000.0,166.66666666666669,3,2,3,yes,no,no,no,yes,0,no,semi-furnished
752500.0,166.66666666666669,3,2,4,yes,no,no,no,yes,1,no,furnished
749000.0,183.33333333333331,3,1,4,yes,no,no,no,yes,3,yes,furnished
745500.0,119.44444444444443,3,2,2,yes,no,yes,no,no,1,no,unfurnished
742000.0,206.66666666666669,3,2,1,yes,yes,yes,no,yes,0,yes,semi-furnished
742000.0,206.66666666666669,3,2,4,yes,no,no,no,no,1,yes,unfurnished
742000.0,175.69444444444446,3,1,4,yes,no,no,no,yes,1,no,unfurnished
735000.0,166.66666666666669,4,2,4,yes,yes,no,no,yes,1,no,furnished
735000.0,143.05555555555554,3,2,4,yes,no,no,no,yes,2,no,semi-furnished
735000.0,166.66666666666669,3,2,2,yes,yes,no,no,yes,1,no,semi-furnished
735000.0,166.66666666666669,3,1,2,yes,no,no,no,yes,1,no,unfurnished
734300.0,317.77777777777777,4,1,2,yes,no,yes,no,no,1,yes,semi-furnished
724500.0,250.0,4,2,4,yes,yes,no,no,yes,1,yes,furnished
721000.0,213.33333333333331,4,2,4,yes,yes,no,no,yes,1,no,semi-furnished
721000.0,166.66666666666669,3,2,4,yes,yes,no,no,yes,1,no,furnished
714000.0,166.66666666666669,3,2,2,yes,yes,no,no,no,1,no,semi-furnished
707000.0,246.66666666666669,2,1,1,yes,no,no,no,yes,1,no,semi-furnished
707000.0,173.33333333333331,4,2,2,yes,no,no,no,yes,1,no,furnished
703500.0,176.66666666666669,4,2,3,yes,no,no,no,yes,2,yes,furnished
700000.0,310.4166666666667,3,1,1,yes,no,yes,no,yes,1,yes,furnished
693000.0,246.66666666666669,3,2,2,yes,no,yes,no,yes,1,no,furnished
693000.0,366.66666666666663,2,1,1,yes,no,yes,yes,no,1,no,furnished
689500.0,213.88888888888886,3,2,1,yes,no,no,no,no,2,no,unfurnished
686000.0,166.66666666666669,3,1,1,yes,no,no,no,yes,1,no,furnished
679000.0,335.83333333333337,4,2,2,yes,no,no,no,no,2,yes,furnished
679000.0,111.11111111111113,3,2,2,yes,no,yes,no,yes,0,yes,semi-furnished
675500.0,166.66666666666669,4,2,4,yes,no,no,no,yes,0,no,unfurnished
672000.0,139.44444444444446,3,1,4,yes,no,no,no,yes,0,yes,unfurnished
668500.0,183.33333333333331,2,2,4,yes,no,yes,no,no,0,yes,furnished
665000.0,112.22222222222221,3,1,2,yes,no,yes,yes,no,1,no,furnished
665000.0,118.33333333333334,4,2,2,yes,no,no,yes,no,0,no,semi-furnished
665000.0,178.33333333333331,3,2,3,yes,no,no,no,yes,0,yes,furnished
665000.0,180.55555555555554,3,2,3,yes,no,no,no,yes,0,yes,furnished
665000.0,158.33333333333334,3,1,1,yes,yes,yes,no,yes,2,yes,furnished
665000.0,166.66666666666669,3,2,3,yes,yes,no,no,yes,0,no,furnished
662900.0,166.66666666666669,3,1,2,yes,no,no,yes,no,1,yes,semi-furnished
661500.0,111.11111111111113,3,2,2,yes,no,yes,no,yes,1,no,semi-furnished
661500.0,291.6666666666667,3,2,1,yes,no,yes,no,yes,1,yes,furnished
658000.0,166.66666666666669,3,2,4,yes,no,no,no,yes,0,no,semi-furnished
651000.0,104.44444444444444,3,1,2,yes,no,no,yes,no,2,no,semi-furnished
651000.0,229.16666666666669,3,2,3,yes,no,no,no,yes,0,no,furnished
651000.0,185.27777777777777,3,1,3,yes,no,yes,no,no,0,yes,unfurnished
647500.0,110.0,3,1,1,yes,no,yes,no,no,2,no,semi-furnished
647500.0,205.83333333333331,3,1,1,yes,yes,yes,no,yes,2,yes,unfurnished
644000.0,238.3333333333333,5,3,2,yes,no,no,no,no,2,no,furnished
644000.0,138.88888888888889,3,1,2,yes,no,no,no,yes,0,no,semi-furnished
641900.0,187.5,2,1,1,yes,yes,yes,no,no,2,yes,furnished
640500.0,133.33333333333334,3,2,4,yes,yes,no,no,yes,0,no,furnished
630000.0,200.0,3,2,1,yes,no,yes,no,yes,3,no,semi-furnished
630000.0,166.66666666666669,4,2,4,yes,no,no,no,no,1,no,semi-furnished
630000.0,113.88888888888886,3,2,3,yes,no,no,no,yes,2,no,semi-furnished
630000.0,250.0,3,1,1,yes,no,yes,no,no,1,yes,furnished
630000.0,177.77777777777777,3,1,1,yes,yes,yes,no,yes,1,yes,semi-furnished
629300.0,183.33333333333331,3,2,3,yes,no,no,no,yes,0,yes,unfurnished
626500.0,166.66666666666669,4,1,3,yes,yes,yes,no,no,0,yes,unfurnished
623000.0,183.33333333333331,3,2,1,yes,no,yes,no,yes,0,yes,unfurnished
623000.0,152.77777777777777,3,1,3,yes,no,no,no,no,1,yes,unfurnished
619500.0,152.77777777777777,3,2,4,yes,yes,no,no,yes,1,no,semi-furnished
619500.0,176.38888888888889,3,2,3,yes,yes,no,no,yes,0,no,furnished
619500.0,152.77777777777777,3,2,1,yes,yes,yes,no,no,2,yes,furnished
616000.0,125.0,3,1,4,yes,no,no,no,yes,0,no,unfurnished
616000.0,151.38888888888889,4,2,1,yes,no,yes,no,yes,0,yes,semi-furnished
612500.0,178.33333333333331,3,1,3,yes,no,yes,no,no,0,yes,unfurnished
610750.0,90.0,4,1,3,yes,no,no,no,no,1,no,semi-furnished
609000.0,183.75,4,2,2,yes,yes,no,yes,no,1,no,semi-furnished
609000.0,183.33333333333331,3,1,1,yes,yes,yes,no,no,2,yes,semi-furnished
609000.0,232.55555555555557,3,1,3,yes,no,no,no,yes,2,no,unfurnished
608300.0,119.44444444444443,6,2,2,yes,no,no,no,no,0,no,furnished
608300.0,267.22222222222223,3,1,1,yes,no,yes,no,no,2,yes,furnished
602000.0,188.88888888888889,2,1,1,yes,yes,yes,no,no,2,no,furnished
602000.0,222.22222222222226,3,1,1,yes,yes,yes,no,yes,2,yes,semi-furnished
602000.0,191.66666666666669,3,2,1,yes,yes,yes,no,no,0,yes,unfurnished
595000.0,102.77777777777777,4,1,2,yes,yes,no,no,yes,0,no,furnished
595000.0,178.33333333333331,3,1,1,yes,no,yes,no,yes,0,yes,furnished
595000.0,195.0,3,1,1,yes,no,yes,no,yes,2,yes,semi-furnished
595000.0,181.66666666666669,3,1,1,yes,yes,yes,no,no,2,yes,furnished
595000.0,200.86111111111111,3,1,2,yes,yes,yes,no,yes,0,yes,semi-furnished
595000.0,173.72222222222223,4,2,1,yes,no,yes,no,no,1,yes,semi-furnished
595000.0,203.33333333333331,4,2,2,yes,no,no,no,no,0,no,furnished
595000.0,181.25,3,2,4,yes,no,no,no,no,1,no,furnished
594300.0,433.33333333333337,3,1,1,yes,no,no,no,yes,2,no,semi-furnished
588000.0,198.88888888888889,3,1,1,yes,no,yes,no,no,2,yes,unfurnished
588000.0,180.55555555555554,3,2,3,yes,no,no,no,yes,0,no,unfurnished
587300.0,152.77777777777777,3,1,3,yes,yes,no,no,yes,1,no,furnished
587300.0,318.3333333333333,3,1,3,yes,no,no,no,no,2,yes,semi-furnished
586600.0,133.33333333333334,3,1,1,yes,yes,yes,no,no,0,no,unfurnished
581000.0,161.88888888888886,4,1,4,yes,yes,no,no,no,0,no,semi-furnished
581000.0,144.44444444444446,3,1,3,yes,no,no,no,yes,0,no,semi-furnished
581000.0,133.33333333333334,3,1,3,yes,no,no,no,yes,0,no,unfurnished
580300.0,194.44444444444446,3,1,1,yes,no,yes,no,no,2,yes,semi-furnished
577500.0,166.66666666666669,3,2,4,yes,no,no,no,yes,0,no,unfurnished
574000.0,150.0,4,2,2,yes,no,no,no,yes,2,no,unfurnished
574000.0,128.88888888888889,4,1,2,yes,no,no,no,no,1,no,semi-furnished
574000.0,138.88888888888889,3,1,3,yes,no,no,no,yes,0,no,semi-furnished
574000.0,176.66666666666669,3,1,1,yes,yes,yes,no,yes,2,yes,furnished
574000.0,161.11111111111111,3,2,4,yes,no,no,no,yes,0,no,unfurnished
565250.0,185.0,4,2,2,yes,yes,yes,no,no,1,yes,semi-furnished
560000.0,291.6666666666667,4,2,2,yes,no,no,no,no,1,no,semi-furnished
560000.0,133.33333333333334,5,2,3,no,no,yes,yes,no,0,no,unfurnished
560000.0,130.55555555555554,4,1,2,yes,yes,yes,no,yes,1,no,furnished
560000.0,138.88888888888889,3,1,4,yes,no,no,no,no,0,no,furnished
560000.0,291.6666666666667,2,1,1,yes,no,no,no,no,1,no,semi-furnished
560000.0,152.77777777777777,3,2,2,yes,no,no,no,no,1,no,semi-furnished
560000.0,176.66666666666669,3,1,3,yes,no,no,no,no,0,yes,semi-furnished
560000.0,183.33333333333331,4,2,1,yes,no,yes,no,no,0,yes,semi-furnished
560000.0,142.66666666666669,3,1,2,yes,yes,yes,no,yes,0,yes,unfurnished
556500.0,122.22222222222221,4,1,2,yes,no,no,no,yes,2,yes,semi-furnished
556500.0,150.0,5,1,2,yes,yes,yes,no,yes,0,yes,furnished
553000.0,91.66666666666666,3,3,2,yes,no,yes,no,no,0,no,semi-furnished
553000.0,101.38888888888889,3,2,2,yes,no,no,no,no,2,no,semi-furnished
553000.0,169.44444444444446,3,2,1,yes,no,yes,no,no,2,yes,furnished
552300.0,191.66666666666669,3,1,1,yes,yes,yes,no,no,0,yes,semi-furnished
549500.0,78.25,4,2,2,no,yes,yes,no,no,1,no,furnished
549500.0,221.66666666666669,3,1,1,yes,no,no,no,no,2,no,semi-furnished
546000.0,87.5,3,2,1,yes,yes,yes,no,yes,0,no,furnished
546000.0,172.5,4,1,4,yes,yes,no,no,yes,0,no,furnished
546000.0,169.44444444444446,3,1,3,yes,yes,no,no,yes,0,yes,semi-furnished
546000.0,183.33333333333331,4,2,2,yes,yes,yes,no,no,0,yes,semi-furnished
542500.0,189.58333333333331,3,1,1,yes,yes,yes,no,yes,0,yes,semi-furnished
539000.0,186.38888888888889,3,2,2,yes,yes,yes,no,no,1,yes,furnished
538300.0,179.16666666666669,3,2,1,yes,yes,yes,yes,no,0,no,unfurnished
532000.0,216.66666666666669,3,1,1,yes,no,yes,no,yes,2,yes,unfurnished
528500.0,127.77777777777779,2,2,1,yes,no,no,no,yes,2,no,semi-furnished
525000.0,118.33333333333334,4,1,2,yes,no,yes,no,yes,0,no,furnished
525000.0,181.66666666666669,4,2,2,no,no,no,no,yes,0,no,semi-furnished
525000.0,152.77777777777777,3,2,1,yes,no,yes,no,no,0,no,semi-furnished
525000.0,285.25,3,1,1,yes,no,no,no,no,1,yes,semi-furnished
525000.0,233.3333333333333,3,1,2,yes,yes,yes,no,yes,2,yes,unfurnished
525000.0,147.22222222222223,4,2,1,yes,no,no,no,yes,0,yes,unfurnished
525000.0,105.55555555555556,3,1,2,yes,yes,yes,no,no,1,yes,unfurnished
525000.0,272.22222222222223,4,2,2,yes,yes,no,no,no,2,no,semi-furnished
525000.0,236.66666666666669,3,1,1,yes,no,no,no,yes,2,no,furnished
524300.0,168.05555555555554,3,1,1,yes,no,yes,no,no,0,yes,semi-furnished
522900.0,196.80555555555554,3,1,1,yes,yes,yes,no,no,2,yes,semi-furnished
521500.0,88.33333333333334,3,2,2,yes,no,no,no,no,2,no,semi-furnished
521500.0,125.0,4,2,1,no,no,yes,no,yes,2,no,semi-furnished
521500.0,200.0,3,1,2,yes,yes,yes,no,no,1,yes,furnished
514500.0,94.72222222222223,3,1,2,no,no,no,no,yes,0,no,semi-furnished
514500.0,221.66666666666669,3,1,1,yes,no,no,no,no,1,yes,semi-furnished
511000.0,83.33333333333334,3,2,2,yes,yes,yes,no,no,0,no,furnished
511000.0,83.33333333333334,3,1,2,yes,no,yes,no,no,0,no,unfurnished
511000.0,316.94444444444446,2,1,2,yes,no,no,no,no,0,yes,furnished
511000.0,169.44444444444446,3,1,1,yes,no,yes,no,yes,0,yes,semi-furnished
507500.0,158.88888888888889,2,1,2,yes,no,no,no,yes,0,yes,unfurnished
504000.0,98.33333333333334,2,1,1,no,yes,yes,no,no,0,no,semi-furnished
504000.0,211.11111111111111,4,1,2,yes,no,no,no,yes,2,no,furnished
504000.0,297.22222222222223,3,1,2,yes,yes,yes,no,no,0,no,semi-furnished
504000.0,183.33333333333331,3,1,1,yes,yes,yes,no,no,0,yes,furnished
503300.0,133.33333333333334,2,1,1,yes,yes,yes,no,no,0,no,semi-furnished
500500.0,226.38888888888886,3,2,1,yes,yes,yes,no,no,0,no,semi-furnished
497000.0,122.5,4,3,2,yes,no,yes,no,no,2,no,semi-furnished
497000.0,213.49999999999994,3,1,1,yes,yes,yes,yes,no,0,no,semi-furnished
495600.0,77.77777777777777,3,2,2,no,no,yes,no,yes,1,no,semi-furnished
493500.0,165.22222222222223,3,1,2,yes,no,no,no,yes,0,no,semi-furnished
490700.0,116.66666666666664,3,1,2,yes,no,no,no,no,1,no,furnished
490000.0,125.55555555555556,3,1,2,yes,no,yes,no,yes,0,no,semi-furnished
490000.0,113.75,3,1,2,no,yes,yes,no,yes,0,no,semi-furnished
490000.0,114.44444444444443,2,1,1,yes,no,yes,no,no,1,no,semi-furnished
490000.0,150.0,4,1,2,yes,no,no,no,no,0,no,semi-furnished
490000.0,132.5,3,1,1,yes,yes,yes,no,no,0,no,semi-furnished
490000.0,175.0,3,1,1,yes,no,no,no,yes,2,no,semi-furnished
490000.0,161.11111111111111,2,1,1,yes,yes,yes,no,yes,0,no,semi-furnished
490000.0,83.33333333333334,3,1,2,yes,no,yes,no,yes,0,no,semi-furnished
490000.0,82.5,3,1,3,yes,no,no,no,no,0,no,semi-furnished
490000.0,186.66666666666669,3,1,1,yes,no,no,no,no,0,no,unfurnished
490000.0,129.05555555555557,3,1,2,yes,yes,yes,no,no,2,no,semi-furnished
490000.0,358.33333333333337,3,1,1,yes,no,no,no,no,2,no,furnished
489300.0,95.0,4,2,2,yes,no,yes,no,yes,2,no,semi-furnished
489300.0,138.75,4,2,1,yes,no,yes,no,no,0,no,semi-furnished
486500.0,120.83333333333334,2,1,1,yes,no,yes,no,no,0,no,unfurnished
483000.0,115.55555555555556,3,1,3,yes,no,no,no,no,0,no,unfurnished
483000.0,167.77777777777777,3,1,1,yes,no,no,no,no,2,yes,semi-furnished
483000.0,190.61111111111114,3,1,2,yes,no,no,no,yes,2,yes,furnished
483000.0,133.75,2,1,1,yes,no,no,no,yes,0,yes,semi-furnished
479500.0,194.44444444444446,3,1,2,yes,no,yes,no,no,0,no,unfurnished
479500.0,225.0,4,1,4,yes,no,yes,no,yes,2,no,semi-furnished
476700.0,95.0,4,2,2,yes,no,no,no,no,0,no,semi-furnished
476000.0,254.6111111111111,2,1,1,yes,no,yes,no,yes,2,no,semi-furnished
476000.0,175.58333333333334,3,1,2,yes,no,yes,no,yes,1,no,furnished
476000.0,284.44444444444446,2,1,1,yes,no,no,no,yes,2,yes,unfurnished
475300.0,178.88888888888889,2,1,1,yes,no,no,no,yes,3,no,semi-furnished
469000.0,143.61111111111111,3,1,4,yes,no,no,no,yes,0,no,semi-furnished
469000.0,166.66666666666669,2,1,1,yes,no,yes,no,yes,1,no,furnished
469000.0,100.83333333333334,3,1,2,yes,no,no,no,no,2,no,semi-furnished
469000.0,268.52777777777777,4,2,2,yes,yes,yes,no,no,1,no,semi-furnished
469000.0,150.0,2,1,2,yes,no,no,no,no,0,yes,semi-furnished
469000.0,120.0,3,1,1,yes,no,no,no,no,0,yes,semi-furnished
465500.0,104.02777777777777,3,1,2,yes,no,yes,no,no,0,no,furnished
462000.0,115.55555555555556,3,1,1,yes,yes,yes,no,yes,0,no,unfurnished
462000.0,107.77777777777779,3,2,2,yes,no,yes,no,no,2,no,semi-furnished
462000.0,157.77777777777777,3,1,2,yes,yes,no,no,yes,1,no,semi-furnished
462000.0,79.72222222222223,2,1,2,yes,yes,yes,no,no,0,yes,semi-furnished
462000.0,139.16666666666666,3,1,2,yes,no,yes,no,no,0,no,semi-furnished
461300.0,125.27777777777779,4,2,2,yes,no,yes,no,no,0,no,semi-furnished
458500.0,111.11111111111113,3,1,2,yes,no,no,no,no,1,no,furnished
458500.0,106.66666666666666,3,1,2,yes,no,no,no,no,1,yes,semi-furnished
455000.0,104.44444444444444,3,1,1,yes,no,no,no,no,2,no,semi-furnished
455000.0,101.11111111111111,3,1,2,yes,no,no,no,yes,0,no,furnished
455000.0,70.83333333333333,3,1,2,yes,no,yes,no,no,0,no,furnished
455000.0,147.77777777777777,3,1,2,yes,yes,yes,no,no,0,yes,semi-furnished
455000.0,148.88888888888889,3,1,2,yes,no,no,no,no,2,yes,unfurnished
455000.0,97.77777777777777,3,1,1,yes,no,no,no,no,0,yes,semi-furnished
455000.0,233.3333333333333,4,1,4,yes,no,no,no,no,3,no,unfurnished
454300.0,113.88888888888886,2,2,1,yes,yes,yes,no,no,0,no,semi-furnished
454300.0,138.61111111111111,4,2,2,yes,yes,yes,no,no,0,yes,furnished
451500.0,97.5,3,1,3,yes,no,no,no,no,0,no,semi-furnished
451500.0,95.83333333333334,3,1,2,yes,no,yes,no,no,1,no,semi-furnished
451500.0,273.8888888888889,3,1,1,yes,no,no,no,no,0,no,semi-furnished
451500.0,97.77777777777777,2,1,2,yes,no,no,no,no,0,yes,furnished
448000.0,125.27777777777779,4,1,2,yes,no,no,no,yes,2,no,semi-furnished
448000.0,163.47222222222223,2,1,1,yes,no,no,no,yes,1,no,unfurnished
448000.0,111.11111111111113,3,1,2,yes,no,no,no,no,2,no,furnished
448000.0,229.16666666666669,3,1,1,yes,no,no,no,no,0,no,furnished
448000.0,112.22222222222221,3,1,2,yes,no,no,no,no,1,no,semi-furnished
447300.0,176.66666666666669,2,1,1,yes,no,yes,no,yes,1,no,furnished
447300.0,87.83333333333333,3,1,2,yes,no,no,no,yes,1,no,furnished
447300.0,97.5,3,1,2,yes,no,no,no,no,0,no,semi-furnished
444500.0,104.16666666666666,2,1,1,yes,yes,yes,no,no,0,no,semi-furnished
441000.0,110.22222222222224,3,1,2,no,no,no,no,no,0,no,semi-furnished
441000.0,136.11111111111111,2,1,2,yes,no,yes,no,no,0,no,semi-furnished
440300.0,80.0,3,1,2,yes,no,no,no,no,0,yes,semi-furnished
440300.0,135.55555555555554,3,1,1,yes,no,no,no,no,2,yes,unfurnished
440300.0,136.66666666666666,3,1,2,yes,no,no,no,no,1,no,semi-furnished
438200.0,137.5,4,1,2,yes,no,no,no,yes,0,no,semi-furnished
437500.0,108.33333333333334,3,1,2,yes,no,no,no,no,0,no,unfurnished
434000.0,125.0,3,2,3,yes,no,no,yes,no,1,no,furnished
434000.0,52.91666666666667,5,1,2,no,no,yes,no,no,0,no,semi-furnished
434000.0,113.19444444444443,3,1,1,yes,yes,yes,no,no,2,no,semi-furnished
434000.0,97.22222222222223,4,1,2,yes,no,no,no,no,2,no,furnished
434000.0,179.16666666666669,4,1,2,yes,no,no,no,no,0,no,semi-furnished
431900.0,112.00000000000001,2,1,1,yes,no,yes,no,no,0,no,furnished
430500.0,122.22222222222221,2,1,1,yes,no,no,no,no,1,no,semi-furnished
430500.0,287.77777777777777,2,1,1,yes,no,no,no,no,1,yes,semi-furnished
427700.0,94.44444444444444,3,1,2,yes,no,yes,no,no,2,yes,semi-furnished
427000.0,176.66666666666669,2,1,1,yes,no,no,no,no,0,no,furnished
427000.0,176.66666666666669,2,1,2,yes,no,no,no,no,0,no,unfurnished
427000.0,125.0,2,1,1,yes,no,no,no,yes,2,no,furnished
427000.0,60.41666666666667,3,1,2,no,yes,yes,no,yes,0,no,unfurnished
427000.0,121.11111111111113,4,1,2,yes,no,no,no,no,0,no,furnished
427000.0,215.8333333333333,2,1,1,yes,no,no,no,no,1,no,furnished
423500.0,184.72222222222223,3,1,2,yes,yes,no,no,no,0,no,semi-furnished
423500.0,77.41666666666666,3,1,1,yes,no,yes,no,no,0,yes,furnished
420000.0,152.77777777777777,3,1,2,yes,no,no,no,yes,0,no,unfurnished
420000.0,140.0,3,1,2,yes,no,yes,no,yes,0,no,unfurnished
420000.0,162.5,2,1,1,yes,yes,yes,no,no,2,no,semi-furnished
420000.0,72.5,4,3,2,no,no,no,no,no,0,no,semi-furnished
420000.0,82.02777777777777,3,1,2,yes,no,yes,no,yes,0,no,unfurnished
420000.0,76.30555555555556,4,2,2,no,no,no,no,no,0,no,semi-furnished
420000.0,122.5,2,1,1,no,no,no,no,no,1,no,unfurnished
420000.0,111.11111111111113,4,2,2,no,no,no,no,no,0,no,semi-furnished
420000.0,64.58333333333333,3,1,2,no,no,no,no,no,0,no,semi-furnished
420000.0,127.77777777777779,3,2,2,yes,no,no,no,yes,1,no,semi-furnished
420000.0,101.11111111111111,3,2,2,yes,no,yes,no,no,0,no,unfurnished
420000.0,161.11111111111111,3,1,1,yes,no,no,yes,no,2,no,semi-furnished
420000.0,194.44444444444446,3,1,1,yes,no,no,no,no,3,no,furnished
420000.0,113.30555555555556,3,1,3,yes,no,no,no,no,0,no,semi-furnished
420000.0,97.77777777777777,3,1,2,yes,no,no,no,no,0,yes,semi-furnished
420000.0,59.58333333333332,3,1,3,yes,no,no,no,no,1,yes,unfurnished
420000.0,125.0,3,1,1,yes,no,yes,no,no,0,no,furnished
419300.0,229.16666666666669,3,1,1,yes,no,yes,no,no,3,no,semi-furnished
419300.0,95.83333333333334,3,1,2,yes,no,no,no,no,1,no,semi-furnished
416500.0,134.44444444444446,3,1,2,yes,no,no,no,no,1,no,semi-furnished
416500.0,113.33333333333334,3,1,2,yes,no,no,no,no,2,no,semi-furnished
416500.0,112.38888888888887,3,1,2,yes,no,yes,no,no,1,no,semi-furnished
413000.0,128.66666666666669,4,1,2,yes,no,no,no,yes,0,no,semi-furnished
413000.0,166.25,3,1,1,yes,no,yes,no,no,0,no,semi-furnished
412300.0,168.33333333333331,2,1,1,yes,no,yes,no,no,1,no,semi-furnished
409850.0,100.0,3,1,1,yes,no,yes,no,yes,0,yes,furnished
409500.0,102.22222222222223,3,2,2,yes,no,no,no,no,0,no,semi-furnished
409500.0,112.22222222222221,2,1,2,yes,no,no,no,no,1,no,semi-furnished
409500.0,155.55555555555554,2,1,1,yes,no,no,no,yes,0,no,semi-furnished
406000.0,163.88888888888889,4,2,2,no,no,yes,no,no,1,no,unfurnished
406000.0,138.66666666666669,3,2,2,yes,no,no,no,no,2,no,unfurnished
406000.0,120.55555555555556,3,1,1,yes,no,no,no,no,0,no,semi-furnished
406000.0,83.33333333333334,4,1,3,yes,no,yes,no,yes,2,no,semi-furnished
406000.0,120.0,3,1,2,yes,no,no,no,no,2,yes,furnished
402500.0,100.83333333333334,3,2,2,yes,no,no,yes,no,2,no,semi-furnished
402500.0,96.11111111111111,3,2,1,yes,no,yes,no,yes,1,no,furnished
402500.0,150.0,3,1,1,yes,no,no,no,no,3,no,semi-furnished
400750.0,125.0,3,1,2,no,no,yes,no,yes,0,no,semi-furnished
400750.0,96.11111111111111,4,1,2,yes,no,no,no,yes,0,no,semi-furnished
399000.0,113.88888888888886,4,1,1,no,no,yes,no,no,0,no,unfurnished
399000.0,180.0,3,1,2,no,no,no,no,yes,1,no,semi-furnished
399000.0,125.0,3,2,2,no,no,yes,no,yes,0,no,semi-furnished
399000.0,110.0,3,1,2,yes,no,no,no,no,0,no,furnished
399000.0,112.5,2,1,2,yes,yes,yes,no,no,0,yes,unfurnished
392000.0,201.66666666666669,3,2,1,yes,yes,yes,no,no,3,no,furnished
392000.0,152.77777777777777,4,1,2,yes,yes,yes,no,no,0,no,semi-furnished
392000.0,83.33333333333334,3,1,2,yes,no,no,no,no,0,no,semi-furnished
392000.0,91.38888888888889,2,1,1,yes,no,no,yes,no,1,no,furnished
392000.0,106.0,2,1,1,yes,no,yes,no,yes,2,no,furnished
392000.0,224.44444444444443,3,1,1,yes,no,no,no,yes,2,no,semi-furnished
392000.0,59.58333333333332,4,2,1,yes,no,yes,no,no,0,yes,unfurnished
388500.0,105.0,2,1,2,yes,yes,yes,no,no,0,no,semi-furnished
388500.0,88.33333333333334,4,2,2,yes,no,no,no,no,0,no,furnished
385000.0,147.22222222222223,5,2,2,yes,no,no,no,no,0,no,semi-furnished
385000.0,88.33333333333334,2,2,1,yes,no,yes,no,no,2,no,semi-furnished
385000.0,198.66666666666669,3,1,2,yes,no,no,no,yes,0,no,furnished
385000.0,113.33333333333334,2,1,1,yes,no,no,no,no,0,no,semi-furnished
385000.0,106.94444444444443,2,1,1,yes,no,no,no,no,0,no,semi-furnished
385000.0,55.972222222222214,3,1,2,yes,no,yes,no,no,0,yes,semi-furnished
385000.0,60.44444444444444,2,1,2,yes,yes,no,no,no,0,yes,semi-furnished
383600.0,93.05555555555556,3,1,2,yes,no,no,no,no,0,no,unfurnished
381500.0,87.5,2,2,1,no,no,yes,no,no,0,no,semi-furnished
378000.0,133.88888888888889,3,1,2,yes,no,no,no,no,0,no,semi-furnished
378000.0,95.0,2,1,2,yes,no,no,yes,no,1,no,semi-furnished
378000.0,100.0,2,1,1,yes,no,no,no,no,0,no,semi-furnished
378000.0,161.94444444444446,2,1,1,yes,no,no,no,no,2,no,unfurnished
378000.0,79.33333333333334,3,1,3,yes,no,no,no,no,0,yes,furnished
378000.0,233.3333333333333,2,1,1,yes,no,no,no,no,1,no,furnished
377300.0,229.16666666666669,3,1,1,yes,no,no,no,no,2,no,furnished
377300.0,70.0,5,2,1,no,no,yes,no,yes,1,no,furnished
377300.0,192.5,4,1,2,no,no,no,no,no,1,no,furnished
374500.0,96.66666666666666,2,1,1,yes,no,no,no,no,0,yes,semi-furnished
371000.0,100.0,3,1,1,yes,no,no,no,no,1,no,unfurnished
371000.0,112.22222222222221,2,1,1,yes,no,no,no,no,0,no,semi-furnished
371000.0,167.22222222222223,3,1,1,yes,no,no,no,no,0,no,semi-furnished
371000.0,112.5,2,1,1,yes,no,no,no,no,0,no,furnished
371000.0,99.55555555555554,2,1,1,yes,no,no,yes,no,0,no,semi-furnished
370300.0,86.66666666666666,3,1,2,no,no,yes,yes,no,0,no,semi-furnished
370300.0,151.38888888888889,2,1,1,yes,no,no,no,no,0,no,furnished
367500.0,100.83333333333334,2,1,1,yes,no,yes,no,no,0,no,furnished
367500.0,100.83333333333334,2,1,1,yes,no,no,no,yes,0,no,unfurnished
367500.0,156.66666666666666,2,1,1,no,no,no,no,no,0,no,semi-furnished
367500.0,100.0,2,1,1,yes,no,no,no,no,0,no,furnished
364000.0,118.88888888888886,2,1,1,yes,no,no,no,yes,2,no,semi-furnished
364000.0,99.16666666666666,3,1,2,yes,no,yes,no,no,0,no,semi-furnished
364000.0,88.33333333333334,3,1,2,no,no,yes,no,no,0,no,semi-furnished
364000.0,83.33333333333334,2,1,2,yes,no,no,no,yes,0,no,furnished
364000.0,97.77777777777777,2,2,1,yes,no,yes,no,no,0,no,semi-furnished
364000.0,165.55555555555554,3,1,2,yes,yes,yes,no,no,0,no,unfurnished
364000.0,114.72222222222221,3,2,2,yes,no,no,no,no,2,no,semi-furnished
364000.0,79.16666666666667,3,2,2,no,no,yes,no,no,0,yes,unfurnished
364000.0,63.19444444444443,3,1,3,yes,no,no,yes,yes,0,yes,semi-furnished
363300.0,97.77777777777777,3,1,1,yes,no,no,no,no,2,yes,unfurnished
360500.0,125.0,2,1,1,yes,no,no,no,no,0,no,semi-furnished
360500.0,111.11111111111113,2,1,1,yes,no,no,no,no,0,yes,semi-furnished
357000.0,87.5,3,1,2,yes,no,yes,no,no,0,no,furnished
357000.0,125.0,4,2,2,yes,no,yes,no,no,2,no,furnished
357000.0,125.0,2,1,1,no,no,no,no,no,0,no,furnished
357000.0,101.11111111111111,2,1,1,yes,no,no,no,no,0,no,unfurnished
353500.0,106.94444444444443,3,1,1,yes,no,no,no,no,2,no,unfurnished
350000.0,117.77777777777779,3,1,2,yes,no,no,no,yes,0,no,semi-furnished
350000.0,101.38888888888889,3,1,2,yes,no,no,no,no,0,no,unfurnished
350000.0,127.77777777777779,4,1,2,yes,no,no,no,no,0,no,semi-furnished
350000.0,59.305555555555564,3,2,2,no,no,no,no,no,0,no,unfurnished
350000.0,84.33333333333334,3,1,2,yes,no,yes,no,no,0,no,semi-furnished
350000.0,110.83333333333334,3,1,2,yes,no,no,no,no,0,no,semi-furnished
350000.0,206.22222222222223,3,1,1,no,no,no,no,no,0,no,unfurnished
350000.0,96.66666666666666,3,1,1,no,no,no,no,yes,0,no,unfurnished
350000.0,100.0,6,1,2,yes,no,no,no,no,1,no,unfurnished
350000.0,101.11111111111111,2,1,1,yes,no,no,no,no,1,no,semi-furnished
350000.0,163.88888888888889,2,1,1,yes,no,no,no,no,1,no,furnished
350000.0,86.66666666666666,3,1,2,yes,no,no,no,no,1,no,unfurnished
350000.0,204.16666666666669,2,1,1,yes,no,no,no,no,1,no,semi-furnished
350000.0,97.55555555555554,2,1,1,yes,no,no,no,no,1,yes,unfurnished
350000.0,263.8888888888889,3,1,2,yes,no,no,no,no,3,yes,unfurnished
350000.0,163.33333333333331,2,1,1,yes,no,no,no,no,0,no,unfurnished
350000.0,359.55555555555554,3,1,1,yes,no,no,no,no,0,no,unfurnished
349300.0,136.11111111111111,3,1,2,no,no,no,no,no,0,no,unfurnished
346500.0,85.0,3,1,1,yes,no,no,no,no,0,no,unfurnished
346500.0,147.77777777777777,2,1,1,yes,no,no,no,no,1,yes,unfurnished
346500.0,59.58333333333332,3,1,3,yes,no,no,no,no,0,yes,furnished
343000.0,111.11111111111113,2,1,1,yes,no,no,no,no,0,no,unfurnished
343000.0,88.47222222222223,2,1,1,yes,no,no,no,no,2,no,unfurnished
343000.0,106.94444444444443,3,1,1,yes,no,no,no,no,0,no,unfurnished
343000.0,59.58333333333332,3,1,3,yes,no,no,no,no,0,yes,furnished
343000.0,72.5,3,1,2,yes,no,yes,no,no,0,yes,unfurnished
343000.0,54.16666666666667,3,2,2,yes,no,yes,no,no,0,yes,unfurnished
342300.0,112.22222222222221,2,1,1,yes,no,no,no,no,0,no,unfurnished
339500.0,132.91666666666666,3,1,2,yes,yes,yes,no,yes,1,no,furnished
339500.0,95.83333333333334,3,1,1,yes,no,yes,no,no,2,no,unfurnished
339500.0,101.11111111111111,2,1,1,yes,no,no,no,no,0,no,furnished
336000.0,97.22222222222223,4,1,2,yes,no,no,no,yes,2,no,unfurnished
336000.0,137.77777777777777,4,1,3,no,no,no,no,no,0,no,semi-furnished
336000.0,114.44444444444443,2,1,2,yes,no,no,no,no,0,no,unfurnished
336000.0,131.94444444444446,2,1,1,yes,no,no,no,no,0,no,unfurnished
336000.0,103.33333333333334,2,1,1,no,no,no,no,yes,0,no,unfurnished
336000.0,104.16666666666666,3,1,1,yes,no,no,no,no,0,no,unfurnished
336000.0,86.11111111111111,3,1,2,no,no,yes,no,no,0,no,semi-furnished
336000.0,88.47222222222223,2,1,1,yes,no,yes,no,no,2,no,furnished
335300.0,75.0,3,1,1,no,no,no,no,no,0,no,furnished
333200.0,59.58333333333332,3,1,2,yes,no,yes,no,no,0,yes,furnished
332500.0,112.22222222222221,2,1,1,yes,no,no,no,no,1,no,unfurnished
332500.0,132.63888888888889,4,1,2,yes,no,no,no,no,0,no,unfurnished
329000.0,69.44444444444444,2,1,1,no,no,no,no,yes,0,no,unfurnished
329000.0,88.33333333333334,4,1,2,yes,no,yes,no,yes,0,no,unfurnished
329000.0,168.33333333333331,3,1,1,yes,yes,yes,no,no,0,no,furnished
329000.0,96.66666666666666,4,1,2,no,no,no,no,no,1,no,semi-furnished
329000.0,105.33333333333333,4,1,2,yes,no,no,no,no,0,no,semi-furnished
329000.0,112.22222222222221,2,1,1,yes,no,no,no,no,0,no,unfurnished
329000.0,59.58333333333332,3,1,2,yes,no,yes,no,no,0,yes,furnished
329000.0,163.33333333333331,3,1,1,yes,no,no,no,no,1,no,unfurnished
325500.0,125.0,2,1,1,no,no,no,no,no,0,no,semi-furnished
325500.0,109.16666666666664,2,1,1,no,no,no,no,no,0,no,unfurnished
323400.0,101.11111111111111,4,1,2,yes,no,yes,no,no,0,no,unfurnished
322000.0,121.38888888888886,3,1,2,yes,no,no,no,no,0,no,unfurnished
322000.0,74.55555555555554,2,1,1,yes,no,no,no,yes,1,no,unfurnished
322000.0,120.0,3,1,1,no,no,no,no,no,1,no,unfurnished
322000.0,86.66666666666666,3,1,2,no,no,no,no,no,0,no,furnished
315000.0,95.83333333333334,1,1,1,yes,no,no,no,no,0,no,furnished
315000.0,110.72222222222223,2,2,1,no,yes,yes,no,no,1,no,unfurnished
315000.0,97.22222222222223,2,1,1,no,no,yes,no,no,0,no,semi-furnished
315000.0,113.75,2,1,1,yes,no,no,no,no,2,no,semi-furnished
315000.0,45.83333333333333,3,1,2,no,no,yes,no,no,0,no,unfurnished
315000.0,95.83333333333334,3,1,2,yes,no,yes,no,no,0,no,semi-furnished
315000.0,187.5,2,1,1,yes,no,no,no,no,0,no,semi-furnished
315000.0,250.0,3,1,2,yes,no,no,no,no,2,no,semi-furnished
315000.0,85.25,2,1,1,yes,no,no,no,no,1,no,unfurnished
314300.0,125.0,3,1,2,yes,no,no,no,yes,0,no,unfurnished
312900.0,152.63888888888889,3,1,1,yes,no,yes,no,no,0,no,unfurnished
311885.0,66.61111111111111,3,1,1,yes,no,no,no,no,0,yes,semi-furnished
311500.0,83.33333333333334,3,1,1,no,no,no,no,yes,0,no,unfurnished
311500.0,106.94444444444443,3,1,2,yes,no,no,no,no,0,no,unfurnished
311500.0,97.22222222222223,2,1,1,yes,no,no,no,no,0,no,unfurnished
308700.0,225.0,2,1,1,yes,no,no,no,no,1,no,unfurnished
308000.0,137.77777777777777,2,1,1,yes,no,yes,no,yes,0,no,unfurnished
308000.0,60.0,3,1,2,no,no,yes,no,no,0,no,semi-furnished
308000.0,85.83333333333334,2,1,1,yes,yes,yes,no,no,0,no,unfurnished
308000.0,125.0,2,1,2,yes,no,no,yes,no,1,no,semi-furnished
304500.0,105.55555555555556,2,1,1,yes,no,no,no,no,0,no,unfurnished
301000.0,85.83333333333334,3,1,2,no,no,no,no,no,0,no,semi-furnished
301000.0,90.0,3,1,2,yes,no,no,no,no,2,no,semi-furnished
301000.0,78.75,2,1,1,yes,no,no,no,no,0,no,semi-furnished
301000.0,127.77777777777779,2,1,1,yes,no,no,no,no,0,no,furnished
301000.0,141.0,3,1,1,no,no,no,no,no,0,no,unfurnished
301000.0,104.16666666666666,3,1,2,yes,no,no,no,no,0,no,unfurnished
301000.0,100.83333333333334,4,1,2,yes,no,no,no,no,3,no,semi-furnished
300300.0,223.61111111111111,2,1,1,yes,no,no,no,no,0,no,unfurnished
297500.0,120.88888888888889,4,1,2,no,no,no,no,no,1,no,unfurnished
296100.0,83.33333333333334,2,1,2,yes,no,no,no,no,0,no,semi-furnished
294000.0,162.5,3,1,2,yes,no,yes,no,no,1,no,unfurnished
294000.0,137.77777777777777,2,1,1,yes,no,no,no,no,0,no,unfurnished
294000.0,100.0,3,1,2,no,no,no,no,no,1,no,unfurnished
294000.0,101.66666666666666,4,1,2,no,no,no,no,no,0,no,unfurnished
294000.0,96.66666666666666,3,1,2,no,no,no,no,no,1,no,semi-furnished
294000.0,75.0,2,1,1,no,no,no,no,no,0,no,furnished
294000.0,87.5,3,1,2,no,no,no,no,no,0,no,unfurnished
294000.0,183.75,3,1,2,yes,no,no,no,no,0,no,semi-furnished
287000.0,84.44444444444444,2,1,1,no,no,no,no,no,0,no,unfurnished
287000.0,100.83333333333334,2,1,1,yes,no,no,no,no,0,no,unfurnished
287000.0,166.66666666666669,2,1,1,yes,no,no,no,no,0,no,semi-furnished
287000.0,150.0,4,1,2,yes,no,no,no,no,0,no,unfurnished
285250.0,144.44444444444446,4,1,3,yes,no,no,no,no,0,no,unfurnished
283500.0,91.66666666666666,3,1,2,no,no,no,no,no,1,no,semi-furnished
283500.0,120.83333333333334,3,1,2,no,no,no,yes,no,1,no,unfurnished
283500.0,73.33333333333333,2,1,1,no,no,no,no,no,1,no,furnished
280000.0,73.61111111111111,3,1,2,yes,no,yes,no,no,1,no,unfurnished
280000.0,110.0,3,1,1,yes,no,no,no,no,0,no,furnished
273000.0,188.88888888888889,2,1,1,yes,no,no,no,no,0,no,unfurnished
273000.0,111.11111111111113,3,1,2,yes,no,no,no,no,1,no,unfurnished
269500.0,111.11111111111113,2,1,1,yes,no,no,no,no,0,no,unfurnished
266000.0,109.27777777777777,2,1,1,yes,no,no,no,no,0,no,unfurnished
266000.0,55.555555555555564,2,1,2,yes,no,no,no,no,0,no,semi-furnished
266000.0,100.83333333333334,3,3,2,no,yes,no,no,no,0,no,unfurnished
266000.0,77.77777777777777,3,1,1,yes,no,no,no,no,0,no,unfurnished
266000.0,67.5,3,1,1,no,no,no,no,no,0,no,unfurnished
266000.0,96.66666666666666,2,1,1,yes,no,no,no,no,1,no,semi-furnished
266000.0,111.11111111111113,3,1,1,yes,no,no,no,no,0,no,semi-furnished
265300.0,88.47222222222223,2,1,1,yes,no,no,no,yes,0,no,unfurnished
265300.0,111.11111111111113,3,1,2,yes,no,no,no,yes,0,no,unfurnished
260400.0,80.83333333333334,2,1,1,no,no,no,no,no,0,no,unfurnished
259000.0,100.0,2,1,1,yes,no,no,no,no,0,no,unfurnished
259000.0,122.22222222222221,2,1,1,yes,no,no,no,no,0,no,unfurnished
259000.0,100.0,2,2,2,yes,no,yes,no,no,1,no,furnished
252000.0,80.0,3,1,1,no,no,no,no,no,0,no,unfurnished
252000.0,88.33333333333334,3,1,1,no,no,no,no,no,0,no,unfurnished
252000.0,83.33333333333334,2,1,2,yes,no,no,no,no,0,no,furnished
248500.0,122.22222222222221,3,1,2,yes,no,no,no,no,0,no,unfurnished
248500.0,83.33333333333334,3,1,2,no,no,no,no,no,0,no,semi-furnished
245000.0,89.16666666666666,3,1,2,yes,no,yes,no,no,0,no,unfurnished
245000.0,90.0,2,1,1,no,yes,no,no,no,1,no,unfurnished
245000.0,83.33333333333334,2,1,1,yes,no,no,no,no,1,no,unfurnished
245000.0,97.22222222222223,2,1,1,yes,yes,no,no,no,0,no,unfurnished
245000.0,134.44444444444446,2,1,2,yes,no,no,no,no,0,no,unfurnished
245000.0,213.88888888888886,2,1,1,yes,no,no,no,no,0,no,unfurnished
240800.0,100.97222222222223,2,1,1,no,no,no,no,no,0,no,unfurnished
238000.0,68.75,3,1,2,yes,no,no,no,no,0,no,furnished
238000.0,77.41666666666666,4,2,2,yes,no,no,no,no,0,no,furnished
238000.0,90.66666666666666,2,1,1,yes,no,no,no,no,0,no,unfurnished
234500.0,101.11111111111111,2,1,1,yes,no,no,no,no,0,no,unfurnished
231000.0,88.33333333333334,2,1,1,yes,no,no,no,no,0,no,unfurnished
227500.0,51.0,2,1,1,no,no,yes,no,no,0,no,semi-furnished
227500.0,110.27777777777779,1,1,1,no,no,no,no,no,0,no,unfurnished
227500.0,110.27777777777779,3,1,2,yes,no,yes,no,no,0,no,unfurnished
224000.0,54.16666666666667,3,1,1,no,no,no,yes,no,0,no,unfurnished
223300.0,147.22222222222223,3,1,1,no,no,no,no,yes,0,yes,unfurnished
213500.0,83.33333333333334,2,1,1,no,no,no,no,no,0,no,unfurnished
210000.0,66.66666666666667,3,1,2,yes,no,no,no,no,0,no,unfurnished
210000.0,83.33333333333334,4,1,2,yes,no,no,no,no,0,no,unfurnished
210000.0,93.33333333333334,2,1,1,yes,no,no,no,no,1,no,unfurnished
196000.0,95.0,5,1,2,no,no,no,no,no,0,no,unfurnished
189000.0,47.22222222222222,3,1,2,yes,no,no,no,no,0,no,unfurnished
189000.0,101.36111111111111,2,1,1,yes,no,no,no,no,0,no,unfurnished
185500.0,83.05555555555556,2,1,1,no,no,no,no,no,1,no,unfurnished
182000.0,83.33333333333334,2,1,1,yes,no,yes,no,no,2,no,unfurnished
176715.0,66.66666666666667,3,1,1,no,no,no,no,no,0,no,semi-furnished
175000.0,100.55555555555556,2,1,1,yes,no,no,no,no,0,no,unfurnished
175000.0,80.83333333333334,3,1,1,no,no,no,no,no,0,no,furnished
175000.0,106.94444444444443,3,1,2,yes,no,no,no,no,0,no,unfurnished
